" ","Annapolis Royal",Argyle,Aylesford,Barrington,"Barrington Passage",Bedford,Beechville,"Belliveau Cove",Berwick,Birchtown,Blockhouse,Bridgetown,Bridgewater,Brooklyn,"Brooklyn- Queens County","Church Point","Clementsport ","Clyde River",Coldbrook,Cornwallis,Digby,"East Pubnico",Falmouth,"Gilberts Cove","Grand Pre",Greenwood,Halifax,"Halifax Airport ","Hantsport ","Hebbs Cross",Hebron,Hubbards,"Italy Cross","Jordan Falls",Kentville,Kingston,Lawrencetown,Liverpool,"Lower Eel Brook","Lower Sackville",Lunenburg,"Mahone Bay",Mavillette,Meteghan,"Meteghan Centre","Meteghan River",Middleton,"Mill Village","Mount Uniacke","New Minas","Pleasant Lake","Port Joli","Port Maitland","Port Mouton",Pubnico,"Sable River","Sainte Anne du Ruisseau","Salmon River",Saulnierville,Shelburne,"Smiths Cove","Summerville- Queens County",Timberlea,Tusket,"Upper Clements","Upper Tantallon",Waterville,"Western Shore",Weymouth,Windsor,Wolfville,Yarmouth
"Annapolis Royal"
Argyle
Aylesford
Barrington
"Barrington Passage"
Bedford
Beechville
"Belliveau Cove"
Berwick
Birchtown
Blockhouse
Bridgetown
Bridgewater
Brooklyn
"Brooklyn- Queens County"
"Church Point"
"Clementsport "
"Clyde River"
Coldbrook
Cornwallis
Digby
"East Pubnico"
Falmouth
"Gilberts Cove"
"Grand Pre"
Greenwood
Halifax
"Halifax Airport "
"Hantsport "
"Hebbs Cross"
Hebron
Hubbards
"Italy Cross"
"Jordan Falls"
Kentville
Kingston
Lawrencetown
Liverpool
"Lower Eel Brook"
"Lower Sackville"
Lunenburg
"Mahone Bay"
Mavillette
Meteghan
"Meteghan Centre"
"Meteghan River"
Middleton
"Mill Village"
"Mount Uniacke"
"New Minas"
"Pleasant Lake"
"Port Joli"
"Port Maitland"
"Port Mouton"
Pubnico
"Sable River"
"Sainte Anne du Ruisseau"
"Salmon River"
Saulnierville
Shelburne
"Smiths Cove"
"Summerville- Queens County"
Timberlea
Tusket
"Upper Clements"
"Upper Tantallon"
Waterville
"Western Shore"
Weymouth
Windsor
Wolfville
Yarmouth
