" ",Argyle,Barrington,"Barrington Passage",Beechville,Birchtown,Blockhouse,Bridgewater,"Brooklyn Queens County","Clyde River","East Pubnico",Halifax,"Halifax Airport","Hebbs Cross",Hubbards,"Italy Cross","Jordan Falls",Liverpool,"Lower Eel Brook",Lunenburg,"Mahone Bay","Mill Village","Pleasant Lake","Port Joli","Port Mouton",Pubnico,"Sable River","Sainte Anne du Ruisseau",Shelburne,"Summerville Queens County",Timberlea,Tusket,"Upper Tantallon","Western Shore",Yarmouth
Argyle
Barrington
"Barrington Passage"
Beechville
Birchtown
Blockhouse
Bridgewater
"Brooklyn Queens County"
"Clyde River"
"East Pubnico"
Halifax
"Halifax Airport"
"Hebbs Cross"
Hubbards
"Italy Cross"
"Jordan Falls"
Liverpool
"Lower Eel Brook"
Lunenburg
"Mahone Bay"
"Mill Village"
"Pleasant Lake"
"Port Joli"
"Port Mouton"
Pubnico
"Sable River"
"Sainte Anne du Ruisseau"
Shelburne
"Summerville Queens County"
Timberlea
Tusket
"Upper Tantallon"
"Western Shore"
Yarmouth
